[
  {
    "id": "/subscriptions/34a2652f-71cb-417e-9f46-6f2ea784b496/resourceGroups/learn-937a3505-02c9-493f-b2fa-7b5631a80024/providers/Microsoft.Resources/deployments/Microsoft.StorageAccount-20201224113852/operations/0CDD08C575ED2BFB",
    "operationId": "0CDD08C575ED2BFB",
    "properties": {
      "provisioningOperation": "Create",
      "provisioningState": "Succeeded",
      "timestamp": "2020-12-24T16:45:47.2227892Z",
      "duration": "PT22.3498191S",
      "trackingId": "53bac784-085f-4544-a53b-77bb3f217115",
      "serviceRequestId": "96279761-97d3-4d5a-8764-c7930ce0eddd",
      "statusCode": "OK",
      "targetResource": {
        "id": "/subscriptions/34a2652f-71cb-417e-9f46-6f2ea784b496/resourceGroups/learn-937a3505-02c9-493f-b2fa-7b5631a80024/providers/Microsoft.Storage/storageAccounts/sbs1",
        "resourceType": "Microsoft.Storage/storageAccounts",
        "resourceName": "sbs1"
      }
    }
  },
  {
    "id": "/subscriptions/34a2652f-71cb-417e-9f46-6f2ea784b496/resourceGroups/learn-937a3505-02c9-493f-b2fa-7b5631a80024/providers/Microsoft.Resources/deployments/Microsoft.StorageAccount-20201224113852/operations/08585927785620093481",
    "operationId": "08585927785620093481",
    "properties": {
      "provisioningOperation": "EvaluateDeploymentOutput",
      "provisioningState": "Succeeded",
      "timestamp": "2020-12-24T16:45:48.2601069Z",
      "duration": "PT23.3871368S",
      "trackingId": "e828e6eb-2805-4c6c-83be-eeb6f9674d80",
      "statusCode": "OK"
    }
  }
]