{
  "id": "/subscriptions/34a2652f-71cb-417e-9f46-6f2ea784b496/resourceGroups/learn-937a3505-02c9-493f-b2fa-7b5631a80024/providers/Microsoft.Resources/deployments/Microsoft.StorageAccount-20201224113852",
  "name": "Microsoft.StorageAccount-20201224113852",
  "type": "Microsoft.Resources/deployments",
  "tags": {
    "primaryResourceId": "/subscriptions/34a2652f-71cb-417e-9f46-6f2ea784b496/resourcegroups/learn-937a3505-02c9-493f-b2fa-7b5631a80024/providers/Microsoft.Storage/storageAccounts/sbs1",
    "marketplaceItemId": "Microsoft.StorageAccount-ARM",
    "provisioningHash": "Default"
  },
  "properties": {
    "templateHash": "4312295496143100218",
    "parameters": {
      "location": {
        "type": "String",
        "value": "eastus"
      },
      "storageAccountName": {
        "type": "String",
        "value": "sbs1"
      },
      "accountType": {
        "type": "String",
        "value": "Standard_LRS"
      },
      "kind": {
        "type": "String",
        "value": "StorageV2"
      },
      "accessTier": {
        "type": "String",
        "value": "Hot"
      },
      "minimumTlsVersion": {
        "type": "String",
        "value": "TLS1_2"
      },
      "supportsHttpsTrafficOnly": {
        "type": "Bool",
        "value": true
      },
      "allowBlobPublicAccess": {
        "type": "Bool",
        "value": true
      },
      "networkAclsBypass": {
        "type": "String",
        "value": "AzureServices"
      },
      "networkAclsDefaultAction": {
        "type": "String",
        "value": "Allow"
      }
    },
    "mode": "Incremental",
    "debugSetting": {
      "detailLevel": "None"
    },
    "provisioningState": "Succeeded",
    "timestamp": "2020-12-24T16:45:48.467077Z",
    "duration": "PT24.9987792S",
    "correlationId": "9871b629-0e10-4bb5-96d3-ff79c014e6ad",
    "providers": [
      {
        "namespace": "Microsoft.Storage",
        "resourceTypes": [
          {
            "resourceType": "storageAccounts",
            "locations": [
              "eastus"
            ]
          }
        ]
      }
    ],
    "dependencies": [],
    "outputs": {},
    "outputResources": [
      {
        "id": "/subscriptions/34a2652f-71cb-417e-9f46-6f2ea784b496/resourceGroups/learn-937a3505-02c9-493f-b2fa-7b5631a80024/providers/Microsoft.Storage/storageAccounts/sbs1"
      }
    ],
    "validationLevel": "Template"
  }
}